{"cameraMode":{"drawMode":0,"name":"Shaded","section":"Shading Mode"},"sceneLighting":true,"audioPlay":false,"sceneViewState":{"m_AlwaysRefresh":false,"showFog":true,"showSkybox":false,"showFlares":true,"showImageEffects":true,"showParticleSystems":true,"showVisualEffectGraphs":true,"m_FxEnabled":true},"in2DMode":false,"pivot":{"x":9.620131492614746,"y":2.5894060134887697,"z":18.63115119934082},"rotation":{"x":0.16895970702171327,"y":-0.020390771329402925,"z":0.0034962419886142017,"w":0.9854120016098023},"size":10.237624168395996,"orthographic":false}